{
  "n_drugs": 17112,
  "n_genes": 978,
  "mean_abs_zscore": 0.49245139956474304,
  "top_drugs_by_effect": {
    "BRD-K19696793": 4.509438991546631,
    "chaetocin": 4.080574035644531,
    "BRD-K01310096": 4.071590900421143,
    "BRD-K65200617": 3.813486099243164,
    "BRD-K65196043": 3.7436296939849854,
    "SA-1459213": 3.6030919551849365,
    "BRD-K98645985": 3.3701140880584717,
    "BRD-K89107430": 2.9574434757232666,
    "SA-1457415": 2.9490671157836914,
    "BRD-K31378663": 2.904397964477539
  }
}